<?xml version='1.0' encoding='UTF-8'?>
<!DOCTYPE configuration
        PUBLIC "-//mybatis.org//DTD Config 3.0//EN"
        "http://mybatis.org/dtd/mybatis-3-config.dtd">
<configuration>
    <settings>
        <setting name="logImpl" value="LOG4J"/>
    </settings>
</configuration>


<!--<?xml version='1.0' encoding='UTF-8'?>-->
<!--<!DOCTYPE configuration-->
<!--        PUBLIC "-//mybatis.org//DTD Config 3.0//EN"-->
<!--        "http://mybatis.org/dtd/mybatis-3-config.dtd">-->
<!--<configuration>-->
<!--    <environments default="development">-->
<!--        <environment id="development">-->
<!--            <transactionManager type="JDBC"/>-->
<!--            <dataSource type="POOLED">-->
<!--                <property name="driver" value="oracle.jdbc.driver.OracleDriver"/>-->
<!--                <property name="url" value="jdbc:oracle:thin:@localhost:1521:orcl"/>-->
<!--                <property name="username" value="JF200500"/>-->
<!--                <property name="password" value="123456"/>-->
<!--            </dataSource>-->
<!--        </environment>-->
<!--    </environments>-->
<!--    <mappers>-->
<!--        <mapper resource="lys/mapper/FileMapper.xml"/>-->
<!--        <mapper resource="lys/mapper/CustomerMapper.xml"/>-->
<!--        <mapper resource="lys/mapper/ScoreFlowMapper.xml"/>-->
<!--    </mappers>-->
<!--</configuration>-->