<?xml version="1.0" encoding="UTF-8"?>
<beans xmlns="http://www.springframework.org/schema/beans"
       xmlns:xsi="http://www.w3.org/2001/XMLSchema-instance"
       xmlns:context="http://www.springframework.org/schema/context"
       xmlns:util="http://www.springframework.org/schema/util"
       xmlns:aop="http://www.springframework.org/schema/aop"
       xmlns:tx="http://www.springframework.org/schema/tx"
       xmlns:mybatis="http://mybatis.org/schema/mybatis-spring"
       xmlns:mvc="http://www.springframework.org/schema/mvc"
       xsi:schemaLocation="
					http://www.springframework.org/schema/beans
					https://www.springframework.org/schema/beans/spring-beans.xsd
					http://www.springframework.org/schema/context
					https://www.springframework.org/schema/context/spring-context.xsd
					http://www.springframework.org/schema/util
					https://www.springframework.org/schema/util/spring-util.xsd
					http://www.springframework.org/schema/aop
					https://www.springframework.org/schema/aop/spring-aop.xsd
					http://www.springframework.org/schema/tx
					https://www.springframework.org/schema/tx/spring-tx.xsd
					http://mybatis.org/schema/mybatis-spring
					http://mybatis.org/schema/mybatis-spring.xsd
                    http://www.springframework.org/schema/mvc
				    https://www.springframework.org/schema/mvc/spring-mvc.xsd">
    <!--扫描器-->
    <context:component-scan base-package="lys.handler"></context:component-scan>
    <!-- 页面跳转的视图解析 -->
    <bean id="viewResolver" class="org.springframework.web.servlet.view.InternalResourceViewResolver">
        <property name="viewClass" value="org.springframework.web.servlet.view.JstlView"/>
        <property name="prefix" value="/WEB-INF/html/"/>
        <property name="suffix" value=".html"/>
    </bean>

<!--    配置fastjson-->
    <mvc:annotation-driven>
        <mvc:message-converters register-defaults="false">
            <bean id="fastJsonHttpMessageConverter"
                  class="com.alibaba.fastjson.support.spring.FastJsonHttpMessageConverter">
                <!-- 加入支持的媒体类型：返回contentType -->
                <property name="supportedMediaTypes">
                    <list>
                        <!-- 这里顺序不能反，一定先写text/html,不然ie下会出现下载提示 -->
                        <value>text/html;charset=UTF-8</value>
                        <value>application/json;charset=UTF-8</value>
                    </list>
                </property>
            </bean>
        </mvc:message-converters>
    </mvc:annotation-driven>

    <!-- 文件上传的解析器 -->
    <bean id="multipartResolver" class="org.springframework.web.multipart.commons.CommonsMultipartResolver">
        <!--上传文件的最大大小，单位为字节 -->
        <property name="maxUploadSize" value="17367648787"></property>
        <!-- 上传文件的编码 -->
        <property name="defaultEncoding" value="UTF-8"></property>
    </bean>
</beans>