<?xml version='1.0' encoding='UTF-8'?>
<beans xmlns="http://www.springframework.org/schema/beans"
       xmlns:xsi="http://www.w3.org/2001/XMLSchema-instance"
       xmlns:context="http://www.springframework.org/schema/context"
       xmlns:util="http://www.springframework.org/schema/util"
       xmlns:aop="http://www.springframework.org/schema/aop"
       xmlns:tx="http://www.springframework.org/schema/tx"
       xmlns:mybatis="http://mybatis.org/schema/mybatis-spring"
       xsi:schemaLocation="
			http://www.springframework.org/schema/beans
			https://www.springframework.org/schema/beans/spring-beans.xsd
			http://www.springframework.org/schema/context
			https://www.springframework.org/schema/context/spring-context.xsd
            http://www.springframework.org/schema/util
		    https://www.springframework.org/schema/util/spring-util.xsd
		    http://www.springframework.org/schema/aop
			https://www.springframework.org/schema/aop/spring-aop.xsd
			http://www.springframework.org/schema/tx
			https://www.springframework.org/schema/tx/spring-tx.xsd
			http://mybatis.org/schema/mybatis-spring
			http://mybatis.org/schema/mybatis-spring.xsd">
<!--    标签-->
<!--    <bean id="customer" class="lys.service.CustomerServiceImpl"></bean>-->
        <context:component-scan base-package="org.lys"></context:component-scan>
        <!-- 如果这个注解不是Spring的也读取这个注解 -->
        <context:annotation-config></context:annotation-config>
        <!-- 如果添加的注解有代理的效果，则这个类就是警察了 service层错误日志 -->
        <aop:aspectj-autoproxy proxy-target-class="true"></aop:aspectj-autoproxy>
        <!-- 配置数据源，让spring能够使用连接池 -->
        <util:properties id="config" location="classpath:dbconfig.properties"></util:properties>
        <bean id="dataSource" class="org.apache.commons.dbcp.BasicDataSource" destroy-method="close">
                <property name="driverClassName" value="#{config.driver}"/>
                <property name="url" value="#{config.url}"/>
                <property name="username" value="#{config.userName}"/>
                <property name="password" value="#{config.passWord}"/>
        </bean>
        <!-- 获取MyBatis的SqlSessionFactory对象 -->
        <bean id="sqlSessionFactory" class="org.mybatis.spring.SqlSessionFactoryBean">
                <property name="dataSource" ref="dataSource" />
        </bean>
        <!-- 添加扫描 -->
        <mybatis:scan base-package="org.lys.mapper" />
</beans>