<?xml version='1.0' encoding='UTF-8'?>
<!DOCTYPE configuration
        PUBLIC "-//mybatis.org//DTD Config 3.0//EN"
        "http://mybatis.org/dtd/mybatis-3-config.dtd">
<configuration>
    <environments default="development">
        <environment id="development">
            <transactionManager type="JDBC"/>
            <dataSource type="POOLED">
                <property name="driver" value="oracle.jdbc.driver.OracleDriver"/>
                <property name="url" value="jdbc:oracle:thin:@localhost:1521:orcl"/>
                <property name="username" value="JF200500"/>
                <property name="password" value="123456"/>
            </dataSource>
        </environment>
    </environments>
    <mappers>
        <mapper resource="org/lys/mapper/CustomerMapper.xml"/>
        <mapper resource="org/lys/mapper/AdminMapper.xml"/>
        <mapper resource="org/lys/mapper/MenuMapper.xml"/>
        <mapper resource="org/lys/mapper/RoleMapper.xml"/>
        <mapper resource="org/lys/mapper/RegScoreMapper.xml"/>
        <mapper resource="org/lys/mapper/FileTypeMapper.xml"/>
        <mapper resource="org/lys/mapper/AdminLogInfoMapper.xml"/>

    </mappers>
</configuration>