<?xml version='1.0' encoding='UTF-8'?>
<!--
    这叫做约束，告诉我们这个是一个mapper的文档，
    还告诉我们文档的语言，以及官网
    http://mybatis.org/dtd/mybatis-3-mapper.dtd 这里的dtd是配置文件,主要作为代码补全使用
 -->
<!DOCTYPE mapper
        PUBLIC "-//mybatis.org//DTD Mapper 3.0//EN"
        "http://mybatis.org/dtd/mybatis-3-mapper.dtd">
<!--
    mapper标签是整个标签中的根标签，必须要存在
        属性：namespace（命名空间），值就是对应的接口类的全限定名（包名 + 类名）
 -->
<mapper namespace="lys.mapper.CustomerMapper">
    <!--
        resultMap: 结果映射标签，作用：告诉系统我的字段和属性的关系
          id：自己定义，唯一即可，一般就是 类名_rasultMap
          type: 就是字段和属性关联的类的全限定名
     -->
    <resultMap id="Customer_resultMap" type="lys.pojo.Customer">
        <!--
            id标签：作为表的主键和属性的关联使用
                column： 数据库对应表的主键字段名
                property： 对应关联类的属性名
         -->
        <id column="ID" property="id"></id>
        <result column="ACCOUNT" property="account"></result>
        <result column="USERNAME" property="userName"></result>
        <result column="PASSWORD" property="password"></result>
        <result column="REG_DATE" property="regDate"></result>
        <result column="STATUS" property="status"></result>
        <result column="SEX" property="sex"></result>
        <result column="EDUCATION" property="education"></result>
        <result column="WORK" property="work"></result>
        <result column="EMAIL" property="email"></result>
        <result column="PHONE" property="phone"></result>
        <result column="SCORE" property="score"></result>
    </resultMap>
    <!--
      select : 查询标签
          id ：就是对应接口类的方法名
          resultMap: 关联的规则，就是resultMap的标签id
     -->
    <!--    把表的字段用sql包起来-->
    <sql id="Customer_base_columns">
            id,account,USERNAME,password,REG_DATE,STATUS,SEX,EDUCATION,WORK,EMAIL,PHONE,SCORE
        </sql>
    <!--    新增admin -->
    <insert id="create">
        insert into T_CUSTOMER values (sequence_T_CUSTOMER.nextval,#{c.account},#{c.userName},#{c.password},
        sysdate,1,#{c.sex},
       #{c.education},#{c.work},#{c.email},#{c.phone},(select reg_id from T_REGSCOREINFO  where id = 1))
    </insert>
<!-- 登陆   -->
    <select id="selectByNameAndPsd" resultMap="Customer_resultMap">
        select <include refid="Customer_base_columns"></include>
        from T_CUSTOMER
        where account = #{name} and password = #{pwd} and status = 1
    </select>
<!--用户个人信息-->
    <select id="selectCustomerInfo" resultMap="Customer_resultMap">
        select * from T_CUSTOMER where id = #{customerId}
    </select>
<!--    文件首页查用户名字-->
    <select id="selectByCustomerId" resultType="String">
        select username from T_CUSTOMER where id = #{customsId}
    </select>
<!--    用户下载扣除积分-->
    <update id="updateCustomerScore">
        update T_CUSTOMER set SCORE = SCORE+#{fileScore} where id = #{id}
    </update>


</mapper>
