<?xml version='1.0' encoding='UTF-8'?>
<!--
    这叫做约束，告诉我们这个是一个mapper的文档，
    还告诉我们文档的语言，以及官网
    http://mybatis.org/dtd/mybatis-3-mapper.dtd 这里的dtd是配置文件,主要作为代码补全使用
 -->
<!DOCTYPE mapper
        PUBLIC "-//mybatis.org//DTD Mapper 3.0//EN"
        "http://mybatis.org/dtd/mybatis-3-mapper.dtd">
<!--
    mapper标签是整个标签中的根标签，必须要存在
        属性：namespace（命名空间），值就是对应的接口类的全限定名（包名 + 类名）
 -->
<mapper namespace="lys.mapper.FileMapper">
    <!--
        resultMap: 结果映射标签，作用：告诉系统我的字段和属性的关系
          id：自己定义，唯一即可，一般就是 类名_rasultMap
          type: 就是字段和属性关联的类的全限定名
     -->
    <resultMap id="File_resultMap" type="lys.pojo.File">
        <!--
            id标签：作为表的主键和属性的关联使用
                column： 数据库对应表的主键字段名
                property： 对应关联类的属性名
         -->
        <id column="ID" property="id"></id>
        <result column="FIEL_NAME" property="fileName"></result>
        <result column="FILE_DATE" property="fileDate"></result>
        <result column="FILE_STATUS" property="fileStatus"></result>
        <result column="FILE_STYLE" property="fileStyle"></result>
        <result column="CUSTOMS_ID" property="customsId"></result>
        <result column="ADMIN_ID" property="adminId"></result>
        <result column="FILE_SIZE" property="fileSize"></result>
        <result column="FILE_URL" property="fileUrl"></result>
        <result column="FILE_SCORE" property="fileScore"></result>
    </resultMap>
    <!--
      select : 查询标签
          id ：就是对应接口类的方法名
          resultMap: 关联的规则，就是resultMap的标签id
     -->
    <!--    把表的字段用sql包起来-->
    <sql id="admin_base_columns">
          ID,FIEL_NAME,FILE_DATE,FILE_STATUS,FILE_STYLE,CUSTOMS_ID,ADMIN_ID,FILE_SIZE,FILE_URL,FILE_SCORE
        </sql>
    <!--管理员多条件查询-->
    <select id="selectByPage" resultMap="File_resultMap">
        select <include refid="admin_base_columns"></include>
        from T_FILEINFO
        <where>
            and CUSTOMS_ID = #{id}
            <if test="fileName!=null">
                and FIEL_NAME like concat('%',concat(#{fileName},'%'))
            </if>
            <if test="sTime!=null">
                and FILE_DATE &lt;= to_date(#{sTime},'yyyy-mm-dd')
            </if>
            <if test="eTime!=null">
                and FILE_DATE &gt;= to_date(#{eTime},'yyyy-mm-dd')
            </if>
        </where>
    </select>

    <!--查询条数页码-->
    <select id="countByPage" resultType="int">
        select
        count(0)
        from T_FILEINFO
        <where>
            and CUSTOMS_ID = #{id}
            <if test="fileName!=null">
                and FIEL_NAME like concat('%',concat(#{fileName},'%'))
            </if>
            <if test="sTime!=null">
                and FILE_DATE &lt;= to_date(#{sTime},'yyyy-mm-dd')
            </if>
            <if test="eTime!=null">
                and FILE_DATE &gt;= to_date(#{eTime},'yyyy-mm-dd')
            </if>
        </where>
    </select>

    <!--首页多条件查询-->
    <select id="shouyeQuenyByPage" resultMap="File_resultMap">
        select <include refid="admin_base_columns"></include>
        from T_FILEINFO
        <where>
            FILE_STATUS = 1
            <if test="fileName!=null">
                and FIEL_NAME like concat('%',concat(#{fileName},'%'))
            </if>
            <if test="sTime!=null">
                and FILE_DATE &lt;= to_date(#{sTime},'yyyy-mm-dd')
            </if>
            <if test="eTime!=null">
                and FILE_DATE &gt;= to_date(#{eTime},'yyyy-mm-dd')
            </if>
        </where>
    </select>

    <!--首页查询条数页码-->
    <select id="shouyeCountByPage" resultType="int">
        select
        count(0)
        from T_FILEINFO
        <where>
            FILE_STATUS = 1
            <if test="fileName!=null">
                and FIEL_NAME like concat('%',concat(#{fileName},'%'))
            </if>
            <if test="sTime!=null">
                and FILE_DATE &lt;= to_date(#{sTime},'yyyy-mm-dd')
            </if>
            <if test="eTime!=null">
                and FILE_DATE &gt;= to_date(#{eTime},'yyyy-mm-dd')
            </if>
        </where>
    </select>
<!--    用户上传文件新增-->
        <insert id="createFileByCustomer">
               insert into T_FILEINFO values (sequence_t_fileinfo.nextval,#{file.fileName},sysdate,0,
        (select id from t_filetype where TYPE_LASTNAME=#{fileType}),
        #{file.customsId},null,#{file.fileSize},null,#{file.fileScore})
        </insert>

<!--    查文件id获得文件上传用户id-->
        <select id="selectByFileId" resultMap="File_resultMap">
            select * from T_FILEINFO where id = #{iId}
        </select>
</mapper>
