<?xml version='1.0' encoding='UTF-8'?>
<!--
    这叫做约束，告诉我们这个是一个mapper的文档，
    还告诉我们文档的语言，以及官网
    http://mybatis.org/dtd/mybatis-3-mapper.dtd 这里的dtd是配置文件,主要作为代码补全使用
 -->
<!DOCTYPE mapper
        PUBLIC "-//mybatis.org//DTD Mapper 3.0//EN"
        "http://mybatis.org/dtd/mybatis-3-mapper.dtd">
<!--
    mapper标签是整个标签中的根标签，必须要存在
        属性：namespace（命名空间），值就是对应的接口类的全限定名（包名 + 类名）
 -->
<mapper namespace="lys.mapper.UserLogMapper">
    <!--
        resultMap: 结果映射标签，作用：告诉系统我的字段和属性的关系
          id：自己定义，唯一即可，一般就是 类名_rasultMap
          type: 就是字段和属性关联的类的全限定名
     -->
    <resultMap id="UserLog_resultMap" type="lys.pojo.UserLog">
        <!--
            id标签：作为表的主键和属性的关联使用
                column： 数据库对应表的主键字段名
                property： 对应关联类的属性名
         -->
        <id column="ID" property="id"></id>
        <result column="USER_ID" property="userId"></result>
        <result column="CONTENT" property="contend"></result>
        <result column="DO_DATE" property="doDate"></result>
        <result column="FILE_ID" property="fileId"></result>
    </resultMap>
    <!--
      select : 查询标签
          id ：就是对应接口类的id方法名
          resultMap: 关联的规则，就是resultMap的标签id
     -->
<!--    把表的字段用sql包起来-->
        <sql id="UserLog_base_columns">
           ID,USER_ID,CONTENT,DO_DATE,FILE_ID
        </sql>



<!--    新增日志-->
    <insert id="insertUserLog">
        insert into T_USERLOGINFO
        values(SEQUENCE_T_USERLOGINFO.nextval,#{userLog.userId},#{userLog.contend},SYSDATE,SEQUENCE_T_FILEINFO.currval)
    </insert>

<!--    用户下载文件增加日志-->
    <insert id="createCustomerDowmloadLog">
          insert into T_USERLOGINFO
        values(SEQUENCE_T_USERLOGINFO.nextval,#{userLog.userId},#{userLog.contend},SYSDATE,#{userLog.fileId})
    </insert>

<!--    查询用户文件下载次数-->
    <select id="selectByFiledowmloadNum" resultType="int">
        select count(*) from T_USERLOGINFO
        <where>
        CONTENT = '下载'
        and file_id = #{id}
        </where>
    </select>
<!--查询用户下载次数-->
    <select id="selectUserDowmloadNum" resultType="int">
        select count(*) from T_USERLOGINFO
        <where>
            CONTENT = '下载'
            and user_id = #{id}
        </where>
    </select>

</mapper>