<?xml version='1.0' encoding='UTF-8'?>
<!--
    这叫做约束，告诉我们这个是一个mapper的文档，
    还告诉我们文档的语言，以及官网
    http://mybatis.org/dtd/mybatis-3-mapper.dtd 这里的dtd是配置文件,主要作为代码补全使用
 -->
<!DOCTYPE mapper
        PUBLIC "-//mybatis.org//DTD Mapper 3.0//EN"
        "http://mybatis.org/dtd/mybatis-3-mapper.dtd">
<!--
    mapper标签是整个标签中的根标签，必须要存在
        属性：namespace（命名空间），值就是对应的接口类的全限定名（包名 + 类名）
 -->
<mapper namespace="org.lys.mapper.AdminMapper">
    <!--
        resultMap: 结果映射标签，作用：告诉系统我的字段和属性的关系
          id：自己定义，唯一即可，一般就是 类名_rasultMap
          type: 就是字段和属性关联的类的全限定名
     -->
    <resultMap id="Admin_resultMap" type="org.lys.pojo.Admin">
        <!--
            id标签：作为表的主键和属性的关联使用
                column： 数据库对应表的主键字段名
                property： 对应关联类的属性名
         -->
        <id column="ID" property="id"></id>
        <result column="ACCOUNT" property="account"></result>
        <result column="PASSWORD" property="password"></result>
        <result column="STATUES" property="statues"></result>
        <result column="REG_DATE" property="regDate"></result>
        <result column="ROLE" property="role"></result>
    </resultMap>
    <!--
      select : 查询标签
          id ：就是对应接口类的方法名
          resultMap: 关联的规则，就是resultMap的标签id
     -->
<!--    把表的字段用sql包起来-->
        <sql id="admin_base_columns">
            id,account,password,statues,reg_date,role
        </sql>
<!--admin登陆-->
        <select id="selectByNameAndPsd" resultMap="Admin_resultMap">
            select <include refid="admin_base_columns"></include>
            from t_admin where account = #{name} and password = #{psd} and statues = 1
        </select>

<!--管理员多条件查询-->
        <select id="selectByPage" resultMap="Admin_resultMap">
            select <include refid="admin_base_columns"></include>
             from t_admin
            <where>
                <if test="schName!=null">
                    and account like concat('%',concat(#{schName},'%'))
                </if>
                <if test="schRole!=null">
                    and role = #{schRole}
                </if>
                <if test="schStime!=null">
                    and reg_date &gt;= to_date(#{schStime},'yyyy-mm-dd')
                </if>
                <if test="schEtime!=null">
                    and reg_date &lt;= to_date(#{schEtime},'yyyy-mm-dd')
                </if>
            </where>
        </select>

<!--查询admin条数页码-->
    <select id="countByPage" resultType="int">
         select
         count(0)
         from t_admin
        <where>
            <if test="schName!=null">
                and account like concat('%',concat(#{schName},'%'))
            </if>
            <if test="schRole!=null">
                and role = #{schRole}
            </if>
            <if test="schStime!=null">
                and reg_date &gt;= to_date(#{schStime},'yyyy-mm-dd')
            </if>
            <if test="schEtime!=null">
                and reg_date &lt;= to_date(#{schEtime},'yyyy-mm-dd')
            </if>
        </where>
    </select>

<!--修改管理员信息-->
    <update id="updateById">
        update t_admin set account = #{editName}, role = #{editRole} where id = #{editId}
    </update>

<!--    重置密码-->
    <update id="updateByPwd">
        update t_admin set password = '123456' where id = #{iId}
    </update>

<!--    新增admin -->
    <insert id="createAdmin">
        insert into t_admin values (sequence_t_admin.nextval,#{admin.account},#{admin.password},1,sysdate,#{admin.role})
    </insert>

<!--    启用禁用-->
    <update id="doOpenClose">
        update t_admin set statues = #{iStatus} where id = #{iId}
    </update>

</mapper>