<?xml version='1.0' encoding='UTF-8'?>
<!--
    这叫做约束，告诉我们这个是一个mapper的文档，
    还告诉我们文档的语言，以及官网
    http://mybatis.org/dtd/mybatis-3-mapper.dtd 这里的dtd是配置文件,主要作为代码补全使用
 -->
<!DOCTYPE mapper
        PUBLIC "-//mybatis.org//DTD Mapper 3.0//EN"
        "http://mybatis.org/dtd/mybatis-3-mapper.dtd">
<!--
    mapper标签是整个标签中的根标签，必须要存在
        属性：namespace（命名空间），值就是对应的接口类的全限定名（包名 + 类名）
 -->
<mapper namespace="org.lys.mapper.FileTypeMapper">
    <!--
        resultMap: 结果映射标签，作用：告诉系统我的字段和属性的关系
          id：自己定义，唯一即可，一般就是 类名_rasultMap
          type: 就是字段和属性关联的类的全限定名
     -->
    <resultMap id="FileType_resultMap" type="org.lys.pojo.FileType">
        <!--
            id标签：作为表的主键和属性的关联使用
                column： 数据库对应表的主键字段名
                property： 对应关联类的属性名
         -->
        <id column="ID" property="id"></id>
        <result column="TYPE_NAME" property="typeName"></result>
        <result column="TYPE_LASTNAME" property="typeLastName"></result>
        <result column="DOWNLOAD_SCORE" property="downloadScore"></result>
        <result column="TYPEDATE" property="typeDate"></result>

    </resultMap>
    <!--
      select : 查询标签
          id ：就是对应接口类的方法名
          resultMap: 关联的规则，就是resultMap的标签id
     -->

    <select id="selectByPage" resultMap="FileType_resultMap">
        select * from T_FILETYPE
        <where>
            <if test="fileName!=null">
                and TYPE_LASTNAME like concat('%',concat(#{fileName},'%'))
            </if>
            <if test="sScore!=null">
                and DOWNLOAD_SCORE &gt;= #{sScore}
            </if>
            <if test="eScore!=null">
                and DOWNLOAD_SCORE &lt;= #{eScore}
            </if>
        </where>
    </select>

    <select id="countByPage" resultType="int">
        select count(0) from T_FILETYPE
        <where>
            <if test="fileName!=null">
                and TYPE_LASTNAME like concat('%',concat(#{fileName},'%'))
            </if>
            <if test="sScore!=null">
                and DOWNLOAD_SCORE &gt;= #{sScore}
            </if>
            <if test="eScore!=null">
                and DOWNLOAD_SCORE &lt;= #{eScore}
            </if>
        </where>
    </select>
<!--    //删除-->
    <delete id="dodeleteById">
        delete from T_FILETYPE where id = #{iId}
    </delete>

    <insert id="createFileType">
        insert into T_FILETYPE values(sequence_T_FILETYPE.nextval,#{fileType.typeName},#{fileType.typeLastName},#{fileType.downloadScore},sysdate)
    </insert>
<!--    修改 -->
    <update id="doUpdateInfo">
        update T_FILETYPE set TYPE_NAME = #{updateType}, TYPE_LASTNAME = #{updateName},DOWNLOAD_SCORE = #{iUpdateScore} where id = #{updateId}
    </update>
<!--    根据文件类型id查文件类型对应的名称-->
    <select id="selectFileStypeName" resultType="String">
        select TYPE_LASTNAME from T_FILETYPE where id = #{fileStyle}
    </select>
</mapper>
