<?xml version='1.0' encoding='UTF-8'?>
<!--
    这叫做约束，告诉我们这个是一个mapper的文档，
    还告诉我们文档的语言，以及官网
    http://mybatis.org/dtd/mybatis-3-mapper.dtd 这里的dtd是配置文件,主要作为代码补全使用
 -->
<!DOCTYPE mapper
        PUBLIC "-//mybatis.org//DTD Mapper 3.0//EN"
        "http://mybatis.org/dtd/mybatis-3-mapper.dtd">
<!--
    mapper标签是整个标签中的根标签，必须要存在
        属性：namespace（命名空间），值就是对应的接口类的全限定名（包名 + 类名）
 -->
<mapper namespace="org.lys.mapper.FileInfoMapper">
    <!--
        resultMap: 结果映射标签，作用：告诉系统我的字段和属性的关系
          id：自己定义，唯一即可，一般就是 类名_rasultMap
          type: 就是字段和属性关联的类的全限定名
     -->
    <resultMap id="FileInfo_resultMap" type="org.lys.pojo.FileInfo">
        <!--
            id标签：作为表的主键和属性的关联使用
                column： 数据库对应表的主键字段名
                property： 对应关联类的属性名
         -->
        <id column="ID" property="id"></id>
        <result column="FIEL_NAME" property="fileName"></result>
        <result column="FILE_DATE" property="fileDate"></result>
        <result column="FILE_STATUS" property="fileStatus"></result>
        <result column="FILE_STYLE" property="fileStyle"></result>
        <result column="CUSTOMS_ID" property="customsId"></result>
        <result column="ADMIN_ID" property="adminId"></result>
        <result column="FILE_SIZE" property="fileSize"></result>
        <result column="FILE_URL" property="fileUrl"></result>
        <result column="FILE_SCORE" property="fileScore"></result>

    </resultMap>
    <!--
      select : 查询标签
          id ：就是对应接口类的方法名
          resultMap: 关联的规则，就是resultMap的标签id
     -->
    <select id="quenyByPage" resultMap="FileInfo_resultMap">
        select * from T_FILEINFO
        <where>
            <if test="schName!=null">
                and FIEL_NAME like concat('%',concat(#{schName},'%'))
            </if>
            <if test="schStime!=null">
                and FILE_DATE &gt;= #{schStime}
            </if>
            <if test="schEtime!=null">
                and FILE_DATE &lt;= #{schEtime}
            </if>
            <if test="schStatus!=null">
                and FILE_STATUS = #{schStatus}
            </if>
        </where> order by id desc
    </select>

    <select id="countByPage" resultType="int">
        select count(0) from T_FILEINFO
        <where>
            <if test="schName!=null">
                and FIEL_NAME like concat('%',concat(#{schName},'%'))
            </if>
            <if test="schStime!=null">
                and FILE_DATE &gt;= #{schStime}
            </if>
            <if test="schEtime!=null">
                and FILE_DATE &lt;= #{schEtime}
            </if>
            <if test="schStatus!=null">
                and FILE_STATUS = #{schStatus}
            </if>
        </where>
    </select>

<!--    修改文件状态-->
    <update id="updateFileInfo">
        update T_FILEINFO set file_status = #{iStatus} where id = #{iId}
    </update>

    <!--    查文件id获得文件上传用户id-->
    <select id="selectByFileId" resultMap="FileInfo_resultMap">
            select * from T_FILEINFO where id = #{iId}
        </select>

</mapper>
