<?xml version='1.0' encoding='UTF-8'?>
<!--
    这叫做约束，告诉我们这个是一个mapper的文档，
    还告诉我们文档的语言，以及官网
    http://mybatis.org/dtd/mybatis-3-mapper.dtd 这里的dtd是配置文件,主要作为代码补全使用
 -->
<!DOCTYPE mapper
        PUBLIC "-//mybatis.org//DTD Mapper 3.0//EN"
        "http://mybatis.org/dtd/mybatis-3-mapper.dtd">
<!--
    mapper标签是整个标签中的根标签，必须要存在
        属性：namespace（命名空间），值就是对应的接口类的全限定名（包名 + 类名）
 -->
<mapper namespace="org.lys.mapper.UserFlowMapper">
    <!--
        resultMap: 结果映射标签，作用：告诉系统我的字段和属性的关系
          id：自己定义，唯一即可，一般就是 类名_rasultMap
          type: 就是字段和属性关联的类的全限定名
     -->
    <resultMap id="UserFlow_resultMap" type="org.lys.pojo.UserFlow">
        <!--
            id标签：作为表的主键和属性的关联使用
                column： 数据库对应表的主键字段名
                property： 对应关联类的属性名
         -->
        <id column="ID" property="id"></id>
        <result column="USER_ID" property="userId"></result>
        <result column="SCORE_STATUS" property="scoreStatus"></result>
        <result column="SCORE" property="score"></result>
        <result column="REG_DATE" property="regDate"></result>
    </resultMap>
    <!--
      select : 查询标签
          id ：就是对应接口类的方法名
          resultMap: 关联的规则，就是resultMap的标签id
     -->
    <!--    把表的字段用sql包起来-->
    <!--    把表的字段用sql包起来-->
    <sql id="userFlow_base_columns">
          ID,USER_ID,SCORE_STATUS,SCORE,REG_DATE
        </sql>
    <!--    新增日志-->
    <insert id="insertUserFlow">
        insert into T_USERFLOW
        values(SEQUENCE_T_USERFLOW.nextval,#{userFlow.userId},#{userFlow.scoreStatus},#{userFlow.score},sysdate)
    </insert>

<!--    新增上传用户日志信息-->
    <insert id="createUserFlow">
       insert into T_USERFLOW
        values(SEQUENCE_T_USERFLOW.nextval,#{iCustomsId},1,
        (select download_score from t_filetype where id = (select file_style from T_FILEINFO where id = #{iId})),
        sysdate)
    </insert>

</mapper>
